{"metadata":{"asset_id":"1a122543-142b-486c-8ee3-59abd7ad6d67","asset_attributes":["notebook"],"name":"jupyter notebook","asset_type":"notebook","created_at":"2020-08-21T12:08:18Z","description":"","origin_country":"us","owner_id":"IBMid-550007FE06","project_id":"42595287-7c65-4dbf-9ba3-371bdd37ceb7","size":207,"tags":["notebook"],"usage":{"last_update_time":1598011851335,"last_updated_at":"2020-08-21T12:10:51Z"}},"entity":{"notebook":{"kernel":{"name":"python3","display_name":"Python 3.6","language":"python"},"originates_from":{"type":"blank"},"runtime":{"environment":"conda2py36-42595287-7c65-4dbf-9ba3-371bdd37ceb7"}}},"attachments":[{"id":"41e46ebe-d047-4a57-a5d1-f03b5af14dcf","version":2,"asset_type":"notebook","name":"attachment for notebook 1a122543-142b-486c-8ee3-59abd7ad6d67","description":"attachment for notebook 1a122543-142b-486c-8ee3-59abd7ad6d67","mime":"application/json","datasource_type":"193a97c1-4475-4a19-b90c-295c4fdc6517","object_key":"notebook/jupyter_notebook_2DpqeMfDr.ipynb","creator_id":"IBMid-550007FE06","create_time":1598011699017,"size":207,"is_remote":false,"is_managed":false,"is_referenced":true,"is_object_key_read_only":false,"is_user_provided_path_key":true,"transfer_complete":true,"is_partitioned":false,"complete_time_ticks":1598011699017,"user_data":{},"test_doc":0,"handle":{"bucket":"jupyternotebook-donotdelete-pr-7ccayvmqqpxh1w","location":"eu-geo","key":"notebook/jupyter_notebook_2DpqeMfDr.ipynb","upload_id":"done","max_part_num":1},"usage":{"access_count":0,"last_accessor_id":"IBMid-550007FE06","last_access_time":1598011699017}}]}
